ID	MaintenanceStartTime	MaintenanceEndTime
1	2025-01-16 08:00:00	2025-01-16 10:00:00
2	2025-02-09 05:00:00	2025-02-09 06:30:00
3	2025-02-13 08:00:00	2025-02-13 10:00:00
4	2025-03-20 08:00:00	2025-03-20 10:00:00
5	2025-04-03 08:00:00	2025-04-03 10:00:00
6	2025-04-17 08:00:00	2025-04-17 10:00:00
7	2025-05-08 08:00:00	2025-05-08 10:00:00
8	2025-05-22 08:00:00	2025-05-22 10:00:00
9	2025-06-05 08:00:00	2025-06-05 10:00:00
10	2025-06-19 08:00:00	2025-06-19 10:00:00
11	2025-07-10 08:00:00	2025-07-10 10:00:00
12	2025-07-17 08:00:00	2025-07-17 10:00:00
13	2025-07-31 08:00:00	2025-07-31 10:00:00
14	2025-08-07 08:00:00	2025-08-07 10:00:00
15	2025-08-21 08:00:00	2025-08-21 10:00:00
16	2025-11-06 08:00:00	2025-11-06 10:00:00
17	2026-01-08 08:00:00	2026-01-08 10:00:00
18	2026-01-22 08:00:00	2026-01-22 10:00:00
19	2026-03-05 08:00:00	2026-03-05 10:00:00
