ID	BSChange	BSFunction	BSChangeFunction	BSChangeValue	BSRandomDownLimitValue	BSRandomUpLimitFunction
10061	1	3	{'Constant1': 1, 'Variable': 17, 'Constant2': 0}			
10151	1	1		2		
10152	1	1		1		
10164	1	1		1		
10165	1	1		1		
10172	1	1		1		
10173	1	1		2		
10202	1	3	{'Constant1': 1, 'Variable': 14, 'Constant2': 1}			
10203	1	3	{'Constant1': 1, 'Variable': 14, 'Constant2': 1}			
10282	1	1		8		
10283	1	1		8		
1	1	1		8		
2	1	1		16		
3	1	1		8		
4	1	3				
5	1	3				
6	1	2		1		
7	1	1		1		
8	1	2		1		
9	1	1		1		
10	1	2		1		
11	1	1		1		
12	2	1		2		
13	2	2		1		
14	1	1		2		
15	2	1		2		
16	2	1		1		
17	1	1		2		
18	2	1		1		
19	1	2		1		
20	2	2		1		
21	1	1		2		
22	1	1		2		
23	1	1		2		
24	1	1		2		
25	1	1		2		
26	1	1		2		
27	1	1		2		
28	1	1		1		
29	1	1		1		
30	1	1		3		
31	1	1		3		
32	1	1		1		
33	1	1		2		
34	1	1		2		
35	1	1		2		
36	1	1		1		
37	1	1		2		
38	1	1		1		
39	1	1		1		
40	1	1		4		
41	1	1		4		
42	1	1		4		
43	1	1		4		
44	1	1		2		
45	1	1		2		
46	1	1		6		
47	1	1		6		
48	1	1		2		
49	1	1		4		
50	1	1		4		
51	1	1		4		
52	1	1		2		
53	1	1		4		
54	1	1		2		
55	1	1		2		
56	1	1		1		
57	1	1		1		
58	1	1		2		
59	1	1		2		
60	1	1		1		
61	1	1		1		
62	1	1		2		
63	1	1		2		
64	1	1		2		
65	1	1		3		
66	1	1		4		
67	1	1		6		
68	1	1		1		
69	1	1		1		
70	1	1		2		
71	1	1		2		
72	1	1		2		
73	1	1		1		
74	1	1		4		
75	1	1		2		
76	1	1		2		
77	1	1		4		
78	1	1		1		
79	1	1		1		
80	1	1		2		
81	1	1		2		
82	1	1		1		
83	1	1		1		
84	1	1		2		
85	1	1		2		
86	1	1		3		
87	1	1		2		
88	1	1		6		
89	1	1		4		
90	1	1		2		
91	1	1		4		
92	1	1		1		
93	1	1		2		
94	1	1		1		
95	1	1		2		
96	1	1		2		
97	1	1		4		
98	1	1		5		
99	2	1		1		
100	1	1		1		
101	1	1		1		
102	1	1		1		
103	1	1		1		
104	1	1		1		
105	1	1		1		
106	1	1		1		
107	1	1		1		
108	2	1		1		
109	1	1		1		
110	2	2		1		
111	1	1		1		
112	1	1		1		
113	1	1		1		
114	1	1		1		
115	1	1		1		
116	1	1		1		
117	1	1		2		
118	1	1		1		
119	1	1		3		
120	1	1		3		
121	1	1		2		
122	1	1		2		
123	2	1		2		
124	1	1		3		
125	1	1		2		
126	1	1		5		
127	1	1		5		
128	1	1		4		
129	1	1		4		
130	1	1		2		
131	1	1		2		
132	1	1		1		
133	1	1		1		
134	1	1		3		
135	1	1		3		
136	1	1		1		
137	1	1		1		
138	1	1		2		
139	1	1		2		
140	1	1		4		
141	1	1		3		
142	1	1		7		
143	1	1		7		
144	1	1		6		
145	1	1		6		
146	2	1		4		
147	1	1		4		
148	1	1		4		
149	1	1		2		
150	1	1		2		
151	1	1		5		
152	1	1		5		
153	1	1		2		
154	1	1		2		
155	1	1		4		
156	1	1		4		
157	1	1		8		
158	1	1		8		
159	1	1		11		
160	1	1		10		
161	1	1		10		
162	1	1		10		
163	2	1		6		
164	1	1		5		
165	1	1		5		
166	1	1		3		
167	1	1		3		
168	1	1		7		
169	1	1		7		
170	1	1		3		
171	1	1		3		
172	1	1		4		
173	1	1		4		
174	1	1		3		
175	1	1		3		
176	1	1		1		
177	1	1		1		
178	2	1		10		
179	1	1		6		
180	1	1		6		
181	1	1		4		
182	1	1		4		
183	1	1		4		
184	1	1		4		
185	1	1		4		
186	1	1		4		
187	1	1		1		
188	1	1		2		
189	1	1		1		
190	1	1		1		
191	1	1		3		
192	1	1		2		
193	1	1		2		
194	2	2		2		
195	1	1		1		
196	1	1		8		
197	1	1		1		
198	1	1		1		
199	1	1		1		
200	1	1		4		
201	1	1		6		
202	1	1		8		
203	1	1		12		
204		4		1		
205	1	1		3		
206	1	1		3		
207	1	1		6		
208	1	1		6		
209	1	1		2		
210	1	1		1		
211	1	1		4		
212	1	1		2		
213	1	3	{'Constant1': 1, 'Variable': 12, 'Constant2': 0}			
214	1	3	{'Constant1': 1, 'Variable': 13, 'Constant2': 0}			
215	1	3	{'Constant1': 2, 'Variable': 11, 'Constant2': 0}			
216	1	3	{'Constant1': 2, 'Variable': 11, 'Constant2': 0}			
217	1	1		1		
218	1	1		1		
219	1	1		2		
220	1	1		2		
221	1	1		2		
222	1	1		4		
223	1	1		1		
224	1	1		1		
225	1	1		2		
226	1	1		2		
227	1	1		1		
228	1	1		1		
229	1	1		2		
230	1	1		2		
231	1	1		3		
232	1	1		6		
233	1	1		2		
234	1	1		1		
235	1	1		4		
236	1	1		2		
237	1	1		1		
238	1	1		1		
239	1	1		2		
240	1	1		2		
241	1	1		12		
242	1	1		24		
243	1	1		2		
244	1	1		2		
245	1	1		4		
246	1	1		4		
247	1	1		3		
248	1	1		3		
249	1	1		6		
250	1	1		6		
251	1	1		1		
252	1	1		1		
253	1	1		2		
254	1	1		2		
255	1	1		6		
256	1	1		6		
257	1	1		12		
258	1	1		12		
259	1	1		2		
260	1	1		3		
261	1	1		4		
262	1	1		6		
263	1	1		4		
264	1	1		8		
265	1	1		1		
266	1	1		2		
267	1	1		2		
268	1	1		1		
269	1	1		4		
270	1	1		2		
271	2	1		1		
272	2	1		1		
273	2	1		2		
274	2	1		2		
275	1	2		1		
276	1	2		1		
277	1	1		4		
278	1	1		4		
279	1	1		8		
280	1	1		8		
281	1	1		3		
282	1	1		3		
283	1	1		6		
284	1	1		6		
285	1	3	{'Constant1': 1, 'Variable': 7, 'Constant2': 0}			
286	1	3	{'Constant1': 1, 'Variable': 7, 'Constant2': 0}			
287	1	3	{'Constant1': 2, 'Variable': 7, 'Constant2': 0}			
288	1	3	{'Constant1': 2, 'Variable': 7, 'Constant2': 0}			
289	1	1		3		
290	1	1		3		
291	1	1		6		
292	1	1		6		
293	1	1		1		
294	1	1		1		
295	1	1		2		
296	1	1		2		
297	2	1		4		
298	1	1		4		
299	1	1		4		
300	2	1		8		
301	1	1		8		
302	1	1		8		
303	1	1		1		
304	1	1		1		
305	1	1		2		
306	1	1		2		
307	1	3	{'Constant1': 1, 'Variable': 2, 'Constant2': 0}			
308	1	3	{'Constant1': 1, 'Variable': 3, 'Constant2': 0}			
309	1	3	{'Constant1': 1, 'Variable': 2, 'Constant2': 0}			
310	1	3	{'Constant1': 1, 'Variable': 3, 'Constant2': 0}			
311	1	1		2		
312	1	1		4		
313	1	1		1		
314	1	1		1		
315	1	1		2		
316	1	1		2		
317	1	1		1		
318	1	1		1		
319	1	1		2		
320	1	1		2		
321	1	1		2		
322	1	1		2		
323	1	1		4		
324	1	1		4		
325	1	3	{'Constant1': 2, 'Variable': 4, 'Constant2': 0}			
326	1	3	{'Constant1': 2, 'Variable': 4, 'Constant2': 0}			
327	1	3	{'Constant1': 3, 'Variable': 4, 'Constant2': 0}			
328	1	3	{'Constant1': 3, 'Variable': 4, 'Constant2': 0}			
329	1	3	{'Constant1': 1, 'Variable': 5, 'Constant2': 0}			
330	1	3	{'Constant1': 1, 'Variable': 6, 'Constant2': 0}			
331	1	3	{'Constant1': 1, 'Variable': 5, 'Constant2': 0}			
332	1	3	{'Constant1': 1, 'Variable': 6, 'Constant2': 0}			
333	1	1		3		
334	1	1		2		
335	1	1		6		
336	1	1		4		
337	1	1		2		
338	1	1		2		
339	1	1		4		
340	1	1		4		
341	1	3	{'Constant1': 2, 'Variable': 4, 'Constant2': 0}			
342	1	3	{'Constant1': 2, 'Variable': 4, 'Constant2': 0}			
343	1	3	{'Constant1': 4, 'Variable': 4, 'Constant2': 0}			
344	1	3	{'Constant1': 4, 'Variable': 4, 'Constant2': 0}			
345	1	1		2		
346	1	1		2		
347	1	1		4		
348	1	1		4		
349	1	1		2		
350	1	1		2		
351	1	1		4		
352	1	1		4		
353	1	1		3		
354	1	1		2		
355	1	1		6		
356	1	1		4		
357	2	2		2		
358	1	1		1		
359	1	1		1		
360	1	1		2		
361	1	1		2		
362	1	1		5		
363	1	1		10		
364	1	1		8		
365	1	1		1		
366	1	1		2		
367	1	1		1		
368	1	1		2		
369	1	1		3		
370	1	1		6		
410014	1	1		1		
410015	1	1		1		
410022	1	1		2		
410031	1	1		1		
410054	1	1		1		
410062	1	1		3		
410071	1	1		2		
410072	1	1		2		
410122	2	1		2		
410123	2	1		2		
410124	1	1		2		
410125	1	1		2		
420024	2	2		2		
420051	1	1		1		
420103	1	1		3		
420104	1	1		3		
420122	1	1		8		
420123	1	1		8		
430084	2	1		4		
430091		4		1		
430104	2	1		6		
430123	1	1		8		
430125	1	1		2		
2011022	1	1		1		
2012022	1	1		2		
2011032	1	1		1		
2011033	1	1		1		
2012032	1	1		2		
2012033	1	1		2		
2011052	1	3	{'Constant1': 1, 'Variable': 15, 'Constant2': 0}			
2011053	1	3	{'Constant1': 1, 'Variable': 16, 'Constant2': 0}			
2012052	1	3	{'Constant1': 1, 'Variable': 15, 'Constant2': 0}			
2012053	1	3	{'Constant1': 1, 'Variable': 16, 'Constant2': 0}			
2011072	1	1		2		
2011073	1	1		3		
2012072	1	1		4		
2012073	1	1		6		
2011084	1	1		1		
2011085	1	1		1		
2012084	1	1		2		
2012085	1	1		2		
2011092	1	1		2		
2011093	1	1		2		
2012092	1	1		4		
2012093	1	1		4		
2011113	1	1		2		
2011114	1	1		2		
2012113	1	1		4		
2012114	1	1		4		
2011122	1	1		4		
2011123	1	1		4		
2012122	1	1		8		
2012123	1	1		8		
2011143	1	3	{'Constant1': 1, 'Variable': 4, 'Constant2': 0}			
2011144	1	3	{'Constant1': 1, 'Variable': 4, 'Constant2': 0}			
2012143	1	3	{'Constant1': 1, 'Variable': 4, 'Constant2': 0}			
2012144	1	3	{'Constant1': 1, 'Variable': 4, 'Constant2': 0}			
2011182	1	3	{'Constant1': 1, 'Variable': 12, 'Constant2': 0}			
2011183	1	3	{'Constant1': 1, 'Variable': 13, 'Constant2': 0}			
2012182	1	3	{'Constant1': 1, 'Variable': 12, 'Constant2': 0}			
2012183	1	3	{'Constant1': 1, 'Variable': 13, 'Constant2': 0}			
2011193	1	1		8		
2011194	1	1		8		
2012193	1	1		16		
2012194	1	1		16		
2021012	1	1		1		
2022012	1	1		2		
2021032	1	1		1		
2022032	1	1		2		
2021052	1	1		1		
2022052	1	1		2		
2021062	1	1		2		
2021063	1	1		3		
2022062	1	1		4		
2022063	1	1		6		
2021072	1	1		1		
2021073	1	1		2		
2022072	1	1		2		
2022073	1	1		4		
2021082	1	1		1		
2021083	1	1		1		
2022082	1	1		2		
2022083	1	1		2		
2021093	1	1		2		
2021094	1	1		1		
2021095	1	1		2		
2022093	1	1		4		
2022094	1	1		2		
2022095	1	1		4		
2021102	1	1		4		
2021103	1	1		5		
2022102	1	1		8		
2022103	1	1		10		
2021122	1	1		2		
2021123	1	1		2		
2022122	1	1		4		
2022123	1	1		4		
2021142	1	1		2		
2021143	1	1		3		
2022142	1	1		4		
2022143	1	1		6		
2021162	2	1		2		
2021163	2	1		2		
2021164	1	1		2		
2021165	1	1		3		
2022162	2	1		2		
2022163	2	1		2		
2022164	1	1		4		
2022165	1	1		6		
2021172	1	1		1		
2021173	1	1		1		
2022172	1	1		2		
2022173	1	1		2		
2022184	1	1		2		
2022185	1	1		2		
2021192	1	1		1		
2021193	1	1		2		
2022192	1	1		2		
2022193	1	1		4		
2021212	1	1		2		
2022212	1	1		4		
2021223	1	1		3		
2021224	1	1		1		
2022223	1	1		6		
2022224	1	1		2		
2031022	2	1		1		
2031023	2	1		1		
2032022	2	1		2		
2032023	2	1		2		
2031073	1	1		1		
2031074	1	1		2		
2032073	1	1		2		
2032074	1	1		4		
2031084	1	1		1		
2032084	1	1		2		
2031092	2	1		8		
2032092	2	1		16		
2031104	1	1		2		
2031105	1	1		3		
2032104	1	1		4		
2032105	1	1		6		
2031122	1	1		3		
2031123	1	1		3		
2032122	1	1		6		
2032123	1	1		6		
2031132		4		1		
2032132		4		1		
2031142	2	1		3		
2031143	2	1		3		
2031144	1	1		3		
2031145	1	1		3		
2032142	2	1		6		
2032143	2	1		6		
2032144	1	1		6		
2032145	1	1		6		
2031152	1	1		3		
2031153	1	1		3		
2032152	1	1		6		
2032153	1	1		6		
2031162	1	1		12		
2032162	1	1		24		
2031232	1	1		2		
2031233	1	1		2		
2032232	1	1		4		
2032233	1	1		4		
2041022	1	1		1		
2041023	1	1		1		
2042022	1	1		2		
2042023	1	1		2		
2041032	1	1		2		
2041033	1	1		2		
2042032	1	1		4		
2042033	1	1		4		
2041042	1	1		2		
2042042	1	1		4		
2041052	1	1		1		
2041053	1	1		1		
2042052	1	1		2		
2042053	1	1		2		
2041062	1	1		2		
2041063	1	1		1		
2042062	1	1		4		
2042063	1	1		2		
2041094	1	1		1		
2041095	1	1		1		
2042094	1	1		2		
2042095	1	1		2		
2041102	1	1		1		
2041103	1	1		1		
2042102	1	1		2		
2042103	1	1		2		
2041122	1	1		3		
2041123	1	1		2		
2042122	1	1		6		
2042123	1	1		4		
2041132	1	1		3		
2041133	1	1		3		
2042132	1	1		6		
2042133	1	1		6		
2041146	1	1		2		
2042146	1	1		4		
2041154	1	1		4		
2041155	1	1		4		
2042154	1	1		8		
2042155	1	1		8		
2041162	1	3	{'Constant1': 1, 'Variable': 7, 'Constant2': 0}			
2041163	1	3	{'Constant1': 1, 'Variable': 7, 'Constant2': 0}			
2042162	1	3	{'Constant1': 2, 'Variable': 7, 'Constant2': 0}			
2042163	1	3	{'Constant1': 2, 'Variable': 7, 'Constant2': 0}			
2041174	1	2		1		
2042174	1	2		1		
2041182	1	1		2		
2041183	1	1		1		
2042182	1	1		4		
2042183	1	1		2		
2051032	1	1		1		
2051033	1	1		1		
2052032	1	1		2		
2052033	1	1		2		
2051042	1	1		2		
2051043	1	1		1		
2052042	1	1		4		
2052043	1	1		2		
2051052	1	1		3		
2052052	1	1		6		
2051084	1	1		2		
2051085	1	1		1		
2052084	1	1		4		
2052085	1	1		2		
2051092	1	1		2		
2051093	1	1		2		
2052092	1	1		4		
2052093	1	1		4		
2051124	1	1		2		
2051125	1	1		2		
2052124	1	1		4		
2052125	1	1		4		
2051132	1	3	{'Constant1': 2, 'Variable': 1, 'Constant2': 0}			
2051133	1	3	{'Constant1': 1, 'Variable': 1, 'Constant2': 0}			
2052132	1	3	{'Constant1': 4, 'Variable': 1, 'Constant2': 0}			
2052133	1	3	{'Constant1': 2, 'Variable': 1, 'Constant2': 0}			
2051146	1	1		3		
2051147	1	1		3		
2052146	1	1		6		
2052147	1	1		6		
2051162	1	1		1		
2051163	1	1		1		
2052162	1	1		2		
2052163	1	1		2		
2051182	1	1		1		
2051183	1	1		1		
2052182	1	1		2		
2052183	1	1		2		
2061032	1	1		1		
2061033	1	1		2		
2062032	1	1		2		
2062033	1	1		4		
2061042	1	1		1		
2061043	1	1		1		
2062042	1	1		2		
2062043	1	1		2		
2061052	1	1		1		
2062052	1	1		2		
2061062	1	1		2		
2061063	1	1		2		
2062062	1	1		4		
2062063	1	1		4		
2061082	1	1		1		
2061083	1	1		2		
2062082	1	1		2		
2062083	1	1		4		
2061102	1	1		2		
2061103	1	1		2		
2062102	1	1		4		
2062103	1	1		4		
2061143	1	1		2		
2061144	1	1		1		
2061145	1	1		2		
2061146	1	1		1		
2062143	1	1		4		
2062144	1	1		2		
2062145	1	1		4		
2062146	1	1		2		
2061164	1	1		1		
2061165	1	1		1		
2062164	1	1		2		
2062165	1	1		2		
2061182	1	1		3		
2061183	1	1		3		
2062182	1	1		6		
2062183	1	1		6		
300212		4		1		
2041036	1	3	{'Constant1': 1, 'Variable': 2, 'Constant2': 0}			
2041037	1	3	{'Constant1': 1, 'Variable': 3, 'Constant2': 0}			
2042036	1	3	{'Constant1': 1, 'Variable': 2, 'Constant2': 0}			
2042037	1	3	{'Constant1': 1, 'Variable': 3, 'Constant2': 0}			
2021232	1	1		1		
2021233	1	1		2		
2022232	1	1		2		
2022233	1	1		4		
2021244	1	3	{'Constant1': 1, 'Variable': 3, 'Constant2': 0}			
2022244	1	3	{'Constant1': 2, 'Variable': 3, 'Constant2': 0}			
2011064	1	1		2		
2011065	1	1		2		
2012064	1	1		4		
2012065	1	1		4		
2061135	1	1		3		
2061136	1	1		1		
2062135	1	1		6		
2062136	1	1		2		
410055	1	1		3		
2031133		4		1		
2032133		4		1		
1031101	1	2		1		
1032101	1	2		2		
1041101	1	1		2		
1041102	1	1		2		
1042101	1	1		4		
1042102	1	1		4		
1051101	1	3	{'Constant1': 1, 'Variable': 3, 'Constant2': 0}			
1052101	1	3	{'Constant1': 2, 'Variable': 3, 'Constant2': 0}			
1061101	1	1		3		
1061102	1	1		3		
1062101	1	1		6		
1062102	1	1		6		
1081101	1	1		1		
1081102	1	1		1		
1082101	1	1		2		
1082102	1	1		2		
1101101	1	1		3		
1101102	1	1		2		
1102101	1	1		6		
1102102	1	1		4		
1111301	1	1		3		
1112301	1	1		6		
1121101	1	1		2		
1121102	1	1		1		
1122101	1	1		4		
1122102	1	1		2		
1141201	1	1		3		
1141202	1	1		2		
1142201	1	1		6		
1142202	1	1		4		
1151101	1	3	{'Constant1': 3, 'Variable': 18, 'Constant2': 0}			
1151102	1	3	{'Constant1': 3, 'Variable': 18, 'Constant2': 0}			
1152101	1	3	{'Constant1': 6, 'Variable': 18, 'Constant2': 0}			
1152102	1	3	{'Constant1': 6, 'Variable': 18, 'Constant2': 0}			
1171101	1	1		2		
1171102	1	1		2		
1172101	1	1		4		
1172102	1	1		4		
1181101	1	3	{'Constant1': 2, 'Variable': 19, 'Constant2': 0}			
1181102	1	3	{'Constant1': 2, 'Variable': 19, 'Constant2': 0}			
1182101	1	3	{'Constant1': 4, 'Variable': 19, 'Constant2': 0}			
1182102	1	3	{'Constant1': 4, 'Variable': 19, 'Constant2': 0}			
1191102	1	1		4		
1191103	1	1		4		
1192102	1	1		8		
1192103	1	1		8		
2031102	1	1		3		
2031113	1	1		1		
2032102	1	1		3		
2032113	1	1		1		
2051101	1	1		1		
2052101	1	1		2		
2061101	1	3	{'Constant1': 1, 'Variable': 3, 'Constant2': 0}			
2062101	1	3	{'Constant1': 2, 'Variable': 3, 'Constant2': 0}			
2071101	1	1		2		
2072101	1	1		4		
2081101	1	1		2		
2081102	1	1		2		
2082101	1	1		4		
2082102	1	1		4		
2091101	1	1		1		
2091102	1	1		2		
2092101	1	1		2		
2092102	1	1		4		
2141101	1	1		1		
2141102	1	1		2		
2142101	1	1		2		
2142102	1	1		4		
2152201	1	1		2		
2152202	1	1		4		
2161101	1	1		8		
2161102	1	1		8		
2162101	1	1		16		
2162102	1	1		16		
2191201	1	3	{'Constant1': 1, 'Variable': 21, 'Constant2': 0}			
2191202	1	3	{'Constant1': 1, 'Variable': 22, 'Constant2': 0}			
2192201	1	3	{'Constant1': 1, 'Variable': 23, 'Constant2': 0}			
2192202	1	3	{'Constant1': 1, 'Variable': 24, 'Constant2': 0}			
3021101	1	1		1		
3022101	1	1		2		
3031101	1	3	{'Constant1': 3, 'Variable': 4, 'Constant2': 0}			
3031102	1	3	{'Constant1': 3, 'Variable': 4, 'Constant2': 0}			
3032101	1	3	{'Constant1': 6, 'Variable': 4, 'Constant2': 0}			
3032102	1	3	{'Constant1': 6, 'Variable': 4, 'Constant2': 0}			
3041101	1	1		1		
3041102	1	1		1		
3042101	1	1		2		
3042102	1	1		2		
3061101	1	1		3		
3061102	1	1		3		
3062101	1	1		6		
3062102	1	1		6		
3071101	1	3	{'Constant1': 1, 'Variable': 15, 'Constant2': 0}			
3071102	1	3	{'Constant1': 1, 'Variable': 16, 'Constant2': 0}			
3072101	1	3	{'Constant1': 2, 'Variable': 15, 'Constant2': 0}			
3072102	1	3	{'Constant1': 2, 'Variable': 16, 'Constant2': 0}			
3081102	1	1		2		
3081103	1	1		2		
3082102	1	1		4		
3082103	1	1		4		
3091201	1	1		1		
3091202	1	1		1		
3092201	1	1		2		
3092202	1	1		2		
3101101	1	1		2		
3101102	1	1		2		
3102101	1	1		4		
3102102	1	1		4		
3111101	1	1		4		
3111102	1	1		4		
3112101	1	1		8		
3112102	1	1		8		
3121101	1	1		1		
3121102	1	1		1		
3122101	1	1		2		
3122102	1	1		2		
3171101	1	3	{'Constant1': 1, 'Variable': 12, 'Constant2': 0}			
3171102	1	3	{'Constant1': 1, 'Variable': 13, 'Constant2': 0}			
3172101	1	3	{'Constant1': 1, 'Variable': 12, 'Constant2': 0}			
3172102	1	3	{'Constant1': 1, 'Variable': 13, 'Constant2': 0}			
3181102	1	1		6		
3181103	1	1		6		
3182102	1	1		6		
3182103	1	1		6		
4021101	1	1		1		
4021102	1	1		1		
4022101	1	1		2		
4022102	1	1		2		
4031101	1	1		1		
4032101	1	1		2		
4041101	1	1		1		
4041102	1	1		1		
4042101	1	1		2		
4042102	1	1		2		
4051101	1	1		1		
4051102	1	1		2		
4052101	1	1		2		
4052102	1	1		4		
4061102	1	1		2		
4061103	1	1		2		
4062102	1	1		4		
4062103	1	1		4		
4071101	1	1		2		
4071102	1	1		2		
4072101	1	1		4		
4072102	1	1		4		
4101101	1	1		2		
4101102	1	1		2		
4102101	1	1		4		
4102102	1	1		4		
4131201	1	1		3		
4131202	1	1		1		
4132201	1	1		6		
4132202	1	1		2		
4141101	1	1		3		
4141102	1	1		2		
4142101	1	1		6		
4142102	1	1		4		
4151101	1	1		3		
4152101	1	1		6		
5031101	1	1		1		
5032101	1	1		2		
5041101	1	1		1		
5042101	1	1		2		
5071201	1	1		2		
5071202	1	1		1		
5072201	1	1		4		
5072202	1	1		2		
5091101	1	1		2		
5091102	1	1		1		
5092101	1	1		4		
5092102	1	1		2		
5121101	1	1		1		
5121102	1	1		1		
5122101	1	1		2		
5122102	1	1		2		
5131201	1	1		2		
5131202	1	1		2		
5132201	1	1		4		
5132202	1	1		4		
5141101	1	1		1		
5141102	1	1		1		
5142101	1	1		2		
5142102	1	1		2		
5151301	1	1		3		
5151302	1	1		3		
5152301	1	1		6		
5152302	1	1		6		
5171101	1	1		3		
5171102	1	1		3		
5172101	1	1		6		
5172102	1	1		6		
5191101	1	1		2		
5191102	1	1		2		
5192101	1	1		4		
5192102	1	1		4		
6011102	1	1		1		
6011103	1	1		1		
6012102	1	1		2		
6012103	1	1		2		
6061101	2	1		8		
6062101	2	1		16		
6071201	1	1		1		
6072201	1	1		2		
6081201	1	1		2		
6081202	1	1		3		
6082201	1	1		4		
6082202	1	1		6		
6091102	1	1		2		
6091103	1	1		2		
6092102	1	1		4		
6092103	1	1		4		
6131101	2	1		3		
6131102	2	1		3		
6131103	1	1		3		
6131104	1	1		3		
6132101	2	1		6		
6132102	2	1		6		
6132103	1	1		6		
6132104	1	1		6		
6141201	1	1		3		
6141202	1	1		3		
6142201	1	1		6		
6142202	1	1		6		
6151101	1	1		12		
6152101	1	1		24		
6111101	1	1		3		
6111102	1	1		3		
6112101	1	1		6		
6112102	1	1		6		
6121101		4		1		
6121102		4		1		
6122101		4		1		
6122102		4		1		
6221101	1	1		2		
6221102	1	1		2		
6222101	1	1		4		
6222102	1	1		4		
7011102	1	1		1		
7011103	1	1		1		
7012102	1	1		2		
7012103	1	1		2		
7031102	1	1		1		
7032102	1	1		2		
7061101	1	1		2		
7061102	1	1		1		
7061103	1	1		2		
7061104	1	1		1		
7062101	1	1		4		
7062102	1	1		2		
7062103	1	1		4		
7062104	1	1		2		
7101101	1	1		1		
7101102	1	1		1		
7101103	1	1		1		
7101104	1	1		1		
7102101	1	1		2		
7102102	1	1		2		
7102103	1	1		2		
7102104	1	1		2		
7121201	1	1		2		
7121202	1	1		1		
7122201	1	1		4		
7122202	1	1		2		
7131101	1	3	{'Constant1': 2, 'Variable': 25, 'Constant2': 0}			
7131102	1	3	{'Constant1': 1, 'Variable': 25, 'Constant2': 0}			
7132101	1	3	{'Constant1': 4, 'Variable': 25, 'Constant2': 0}			
7132102	1	3	{'Constant1': 2, 'Variable': 25, 'Constant2': 0}			
7161101	1	1		2		
7161102	1	1		2		
7162101	1	1		4		
7162102	1	1		4		
7171101	1	1		6		
7171102	1	1		6		
7172101	1	1		12		
7172102	1	1		12		
7181201	1	1		3		
7181202	1	1		2		
7182201	1	1		6		
7182202	1	1		4		
21001201	1	1		1		
21001202	1	1		1		
21002101	1	1		3		
21005101	1	1		3		
21006101	1	1		3		
22002201	2	2		2		
23006201	2	1		8		
210031	1	1		1		
210032	1	1		1		
220051	1	1		1		
220052	1	1		1		
3020311	1	1		2		
3020312	1	1		1		
3020321	1	1		3		
3020322	1	1		2		
3020331	1	1		4		
3020332	1	1		3		
3020341	1	1		8		
3020342	1	1		8		
3020411	1	1		3		
3020421	1	1		5		
3020431	1	1		8		
3020441	1	1		12		
3020511	1	1		3		
3020521	1	1		5		
3020531	1	1		8		
3020541	1	1		12		
3020711	1	1		3		
3020712	1	1		3		
3020721	1	1		5		
3020722	1	1		5		
3020731	1	1		8		
3020732	1	1		8		
3020741	1	1		10		
3020742	1	1		10		
302091101	2	1		2		
302092101	2	1		4		
302093101	2	1		6		
302094101	2	1		10		
3021311	1	1		2		
3021321	1	1		4		
3021331	1	1		5		
3021341	1	1		6		
3021411	1	1		2		
3021421	1	1		4		
3021431	1	1		5		
3021441	1	1		6		
3021511	1	1		1		
3021512	1	1		1		
3021521	1	1		2		
3021522	1	1		2		
3021531	1	1		3		
3021532	1	1		3		
3021541	1	1		4		
3021542	1	1		4		
3021611	1	1		3		
3021612	1	1		3		
3021621	1	1		5		
3021622	1	1		5		
3021631	1	1		8		
3021632	1	1		8		
302171101	1	1		1		
302171102	1	1		1		
302172101	1	1		3		
302172102	1	1		3		
302172202	1	3	{'Constant1': 1, 'Variable': 4, 'Constant2': 0}			
302172203	1	3	{'Constant1': 1, 'Variable': 4, 'Constant2': 0}			
302191102	1	1		2		
302191103	1	1		2		
302192102	1	1		4		
302192103	1	1		4		
302231101	1	1		2		
302231102	1	1		2		
302232101	1	1		3		
302232102	1	1		3		
302233101	1	1		4		
302233102	1	1		4		
302241101	1	1		4		
302241102	1	1		4		
302242101	1	1		4		
302242102	1	1		4		
3022511	1	1		4		
3022512	1	1		6		
3022521	1	1		8		
3022522	1	1		12		
3023112	1	1		4		
3023113	1	1		4		
302261101	1	1		1		
302261102	1	1		1		
3022912	2	2		2		
3030211	1	1		3		
3030221	1	1		8		
3030231	1	1		16		
3030311	1	1		3		
3030321	1	1		8		
3030331	1	1		16		
3030911	1	1		1		
3030912	1	1		1		
3030921	1	1		3		
3030922	1	1		3		
303101102	1	1		2		
303101103	1	1		2		
303102102	1	1		4		
303102103	1	1		4		
303151101	1	1		3		
303151102	1	1		3		
303152101	1	1		5		
303152102	1	1		5		
3031712	1	1		2		
3031713	1	1		2		
3031722	1	1		6		
3031723	1	1		6		
303221101	2	1		6		
3032511	1	1		4		
3032611	1	1		2		
3032612	1	1		2		
3032621	1	1		4		
3032622	1	1		4		
303411101	2	2		2		
3034411	1	1		4		
3034412	1	1		4		
31003101	1	1		1		
31003102	1	1		1		
31005101	1	1		3		
31007201	1	1		1		
31007202	1	1		1		
310081	1	1		1		
310082	1	1		1		
31009201	1	1		1		
31010101	1	1		3		
32002201	2	2		2		
320051	1	1		1		
320052	1	1		1		
1034101	1	3	{'Constant1': 1, 'Variable': 40, 'Constant2': 1}			
1034102	1	3	{'Constant1': 1, 'Variable': 40, 'Constant2': 1}			
1035102	1	1		1		
1035103	1	1		1		
10371	1	1		1		
10372	1	1		1		
1043101	1	3	{'Constant1': 1, 'Variable': 28, 'Constant2': 0}			
1043102	1	3	{'Constant1': 1, 'Variable': 29, 'Constant2': 0}			
31031101	1	2		1		
31032101	1	2		2		
31041101	1	1		3		
31041102	1	1		2		
31042101	1	1		6		
31042102	1	1		4		
31051101	1	1		3		
31052101	1	1		6		
31061101	1	1		3		
31061102	1	1		1		
31062101	1	1		6		
31062102	1	1		2		
31081101	1	1		2		
31081102	1	1		1		
31082101	1	1		4		
31082102	1	1		2		
31101101	1	1		3		
31101102	1	1		2		
31102101	1	1		6		
31102102	1	1		4		
31111201	1	1		3		
31111202	1	1		2		
31112201	1	1		6		
31112202	1	1		4		
31121101	1	1		2		
31121102	1	1		1		
31122101	1	1		4		
31122102	1	1		2		
31141301	1	1		3		
31142301	1	1		6		
31151101	1	3	{'Constant1': 3, 'Variable': 18, 'Constant2': 0}			
31151102	1	3	{'Constant1': 3, 'Variable': 18, 'Constant2': 0}			
31152101	1	3	{'Constant1': 6, 'Variable': 18, 'Constant2': 0}			
31152102	1	3	{'Constant1': 6, 'Variable': 18, 'Constant2': 0}			
31171101	1	1		2		
31171102	1	1		1		
31172101	1	1		4		
31172102	1	1		2		
31181101	1	3	{'Constant1': 1, 'Variable': 19, 'Constant2': 0}			
31181102	1	3	{'Constant1': 1, 'Variable': 19, 'Constant2': 0}			
31182101	1	3	{'Constant1': 2, 'Variable': 19, 'Constant2': 0}			
31182102	1	3	{'Constant1': 2, 'Variable': 19, 'Constant2': 0}			
31191102	1	1		4		
31191103	1	1		4		
31192102	1	1		8		
31192103	1	1		8		
32031102	1	1		1		
32031103	1	1		1		
32032102	1	1		1		
32032103	1	1		1		
32051101	1	1		1		
32052101	1	1		2		
32061101	1	3	{'Constant1': 1, 'Variable': 3, 'Constant2': 0}			
32062101	1	3	{'Constant1': 2, 'Variable': 3, 'Constant2': 0}			
32071101	1	1		2		
32072101	1	1		4		
32081101	1	1		2		
32081102	1	1		2		
32082101	1	1		4		
32082102	1	1		4		
32091101	1	1		1		
32091102	1	1		2		
32092101	1	1		2		
32092102	1	1		4		
32131101	1	1		4		
32131102	1	1		4		
32132101	1	1		8		
32132102	1	1		8		
32141101	1	1		1		
32141102	1	1		2		
32142101	1	1		2		
32142102	1	1		4		
32151201	1	1		2		
32151202	1	1		2		
32152201	1	1		4		
32152202	1	1		4		
32181201	1	3	{'Constant1': 1, 'Variable': 21, 'Constant2': 0}			
32181202	1	3	{'Constant1': 1, 'Variable': 22, 'Constant2': 0}			
32182201	1	3	{'Constant1': 2, 'Variable': 21, 'Constant2': 0}			
32182202	1	3	{'Constant1': 2, 'Variable': 22, 'Constant2': 0}			
33021101	1	1		1		
33021102	1	1		1		
33022101	1	1		2		
33022102	1	1		2		
33031101	1	1		2		
33031102	1	1		2		
33032101	1	1		4		
33032102	1	1		4		
33051101	1	1		1		
33051102	1	1		1		
33052101	1	1		2		
33052102	1	1		2		
33061102	1	1		2		
33061103	1	1		2		
33062102	1	1		4		
33062103	1	1		4		
33081101	1	1		1		
33081102	1	1		1		
33082101	1	1		2		
33082102	1	1		2		
33091101	1	1		1		
33091102	1	1		1		
33092101	1	1		2		
33092102	1	1		2		
33111101	1	1		1		
33111102	1	1		1		
33112101	1	1		2		
33112102	1	1		2		
33141101	1	1		2		
33141102	1	1		2		
33142101	1	1		4		
33142102	1	1		4		
33171201	1	1		3		
33171202	1	1		3		
33172201	1	1		6		
33172202	1	1		6		
33181102	1	1		6		
33181103	1	1		6		
33182102	1	1		6		
33182103	1	1		6		
34021101	1	1		1		
34021102	1	1		1		
34022101	1	1		2		
34022102	1	1		2		
34031101	1	1		1		
34031102	1	1		1		
34032101	1	1		2		
34032102	1	1		2		
34041101	1	1		1		
34042101	1	1		2		
34051101	1	1		1		
34051102	1	1		2		
34052101	1	1		2		
34052102	1	1		4		
34061102	1	1		2		
34061103	1	1		2		
34062102	1	1		4		
34062103	1	1		4		
34071101	1	1		2		
34071102	1	1		2		
34072101	1	1		4		
34072102	1	1		4		
34101101	1	1		2		
34101102	1	1		2		
34102101	1	1		4		
34102102	1	1		4		
34131201	1	1		3		
34131202	1	1		1		
34132201	1	1		6		
34132202	1	1		2		
34141101	1	1		3		
34141102	1	1		2		
34142101	1	1		6		
34142102	1	1		4		
34151101	1	1		3		
34152101	1	1		6		
35031101	1	1		1		
35032101	1	1		2		
35071201	1	1		2		
35071202	1	1		1		
35072201	1	1		4		
35072202	1	1		2		
35091101	1	1		2		
35091102	1	1		1		
35092101	1	1		4		
35092102	1	1		2		
35121101	1	1		1		
35121102	1	1		1		
35122101	1	1		2		
35122102	1	1		2		
35131201	1	1		2		
35131202	1	1		2		
35132201	1	1		4		
35132202	1	1		4		
35141101	1	1		2		
35141102	1	1		1		
35142101	1	1		4		
35142102	1	1		2		
35151301	1	1		3		
35151302	1	1		3		
35152301	1	1		6		
35152302	1	1		6		
35171101	1	1		1		
35171102	1	1		1		
35172101	1	1		2		
35172102	1	1		2		
35191101	1	1		2		
35191102	1	1		2		
35192101	1	1		4		
35192102	1	1		4		
36011102	1	1		1		
36011103	1	1		1		
36012102	1	1		2		
36012103	1	1		2		
36031102	1	1		1		
36032102	1	1		2		
36061101	1	1		3		
36061102	1	1		2		
36061103	1	1		2		
36061104	1	1		1		
36062101	1	1		6		
36062102	1	1		4		
36062103	1	1		4		
36062104	1	1		2		
36091101	1	1		2		
36091102	1	1		2		
36092101	1	1		4		
36092102	1	1		4		
36111101	1	1		2		
36111102	1	1		1		
36111103	1	1		1		
36111104	1	1		1		
36112101	1	1		4		
36112102	1	1		2		
36112103	1	1		2		
36112104	1	1		2		
36131101	1	3	{'Constant1': 2, 'Variable': 25, 'Constant2': 2}			
36131102	1	3	{'Constant1': 1, 'Variable': 25, 'Constant2': 1}			
36132101	1	3	{'Constant1': 4, 'Variable': 25, 'Constant2': 4}			
36132102	1	3	{'Constant1': 2, 'Variable': 25, 'Constant2': 2}			
36141201	1	1		2		
36141202	1	1		1		
36142201	1	1		4		
36142202	1	1		2		
36171101	1	1		6		
36171102	1	1		6		
36172101	1	1		12		
36172102	1	1		12		
36181201	1	1		4		
36181202	1	1		4		
36182201	1	1		8		
36182202	1	1		8		
36201102	1	1		2		
36201103	1	1		2		
36202102	1	1		4		
36202103	1	1		4		
37011102	1	1		1		
37011103	1	1		1		
37012102	1	1		2		
37012103	1	1		2		
37061101	2	1		8		
37062101	2	1		16		
37071201	1	1		1		
37072201	1	1		2		
37081201	1	1		2		
37081202	1	1		3		
37082201	1	1		4		
37082202	1	1		6		
37091102	1	1		2		
37091103	1	1		2		
37092102	1	1		4		
37092103	1	1		4		
37131101	2	1		3		
37131102	2	1		3		
37131103	1	1		3		
37131104	1	1		3		
37132101	2	1		6		
37132102	2	1		6		
37132103	1	1		6		
37132104	1	1		6		
37141201	1	1		3		
37141202	1	1		3		
37142201	1	1		6		
37142202	1	1		6		
37151101	1	1		12		
37152101	1	1		24		
37111101	1	1		3		
37111102	1	1		3		
37112101	1	1		6		
37112102	1	1		6		
37121101		4		1		
37121102		4		1		
37122101		4		1		
37122102		4		1		
37221101	1	1		2		
37221102	1	1		2		
37222101	1	1		4		
37222102	1	1		4		
10063	1	1		1		
10064	1	1		1		
36041401	1	1		1		
36041402	1	1		1		
36042401	1	1		2		
36042402	1	1		2		
31021201	1	1		1		
31021202	1	1		1		
31022201	1	1		2		
31022202	1	1		2		
41052202	1	3	{'Constant1': 1, 'Variable': 2, 'Constant2': 0}			
41111201	1	3	{'Constant1': 1, 'Variable': 30, 'Constant2': 0}			
41112201	1	3	{'Constant1': 2, 'Variable': 30, 'Constant2': 0}			
41121101	1	1		2		
41122101	1	1		4		
41151101	1	1		2		
41151102	1	1		1		
41152101	1	1		2		
41152102	1	1		2		
41191102	1	1		8		
41192102	1	2		1		
41192104	1	2		1		
41192202	1	1		8		
41192203	1	1		4		
41192205	1	1		8		
41192206	1	1		4		
41211101	1	3	{'Constant1': 1, 'Variable': 30, 'Constant2': 0}			
41212101	1	3	{'Constant1': 2, 'Variable': 30, 'Constant2': 0}			
42011101	1	1		1		
42012101	1	1		2		
42051101	1	1		2		
42052101	1	1		4		
42081101	1	1		1		
42081102	1	1		1		
42082101	1	1		2		
42082102	1	1		2		
42101101	1	1		1		
42101102	1	1		1		
42102101	1	1		2		
42102102	1	1		2		
42141101	1	1		1		
42141102	1	1		2		
42142101	1	1		2		
42142102	1	1		4		
42151101	1	1		2		
42151102	1	1		2		
42152101	1	1		4		
42152102	1	1		4		
43361201	1	1		2		
43361202	1	1		2		
43362201	1	1		4		
43362202	1	1		4		
43071102	1	1		2		
43071103	1	1		1		
43072102	1	1		4		
43072103	1	1		2		
43081201	1	1		3		
43081202	1	1		3		
43082201	1	1		6		
43082202	1	1		6		
43091101	1	1		2		
43091102	1	1		1		
43092101	1	1		4		
43092102	1	1		2		
43121101	1	1		2		
43121102	1	1		2		
43122101	1	1		4		
43122102	1	1		4		
44051102	1	1		2		
44051103	1	1		1		
44052102	1	1		4		
44052103	1	1		2		
44061101	1	3	{'Constant1': 1, 'Variable': 2, 'Constant2': 0}			
44062101	1	3	{'Constant1': 2, 'Variable': 2, 'Constant2': 0}			
44061201	1	1		1		
44062201	1	1		2		
44071101	1	1		3		
44071102	1	1		2		
44072101	1	1		6		
44072102	1	1		4		
44091201	1	1		4		
44091202	1	1		3		
44092201	1	1		8		
44092202	1	1		6		
44101101	1	1		2		
44101102	1	1		2		
44102101	1	1		4		
44102102	1	1		4		
44131201	1	3	{'Constant1': 1, 'Variable': 31, 'Constant2': 0}			
44131202	1	3	{'Constant1': 1, 'Variable': 32, 'Constant2': 0}			
44132201	1	3	{'Constant1': 2, 'Variable': 31, 'Constant2': 0}			
44132202	1	3	{'Constant1': 2, 'Variable': 32, 'Constant2': 0}			
45011101	1	1		1		
45011102	1	1		1		
45012101	1	1		2		
45012102	1	1		2		
45051201	1	1		1		
45052201	1	1		2		
45081301	1	1		1		
45081302	1	1		1		
45082301	1	1		2		
45082302	1	1		2		
45101101	1	1		4		
45101102	1	1		4		
45102101	1	1		8		
45102102	1	1		8		
45121101	1	1		1		
45121102	1	1		1		
45122101	1	1		2		
45122102	1	1		2		
45161101	1	3	{'Constant1': 2, 'Variable': 62, 'Constant2': 0}			
45161102	1	3	{'Constant1': 1, 'Variable': 62, 'Constant2': 0}			
45162101	1	3	{'Constant1': 4, 'Variable': 62, 'Constant2': 0}			
45162102	1	3	{'Constant1': 2, 'Variable': 62, 'Constant2': 0}			
45191101	1	1		2		
45191102	1	1		1		
45192201	1	1		4		
45192202	1	1		2		
45201101	1	3	{'Constant1': 1, 'Variable': 2, 'Constant2': 0}			
45202101	1	3	{'Constant1': 2, 'Variable': 2, 'Constant2': 0}			
46012102	1	1		1		
46012103	1	1		1		
46121102	1	1		2		
46121103	1	1		2		
46122102	1	1		2		
46122103	1	1		2		
46141201	1	1		2		
46141202	1	1		1		
46142201	1	1		4		
46142202	1	1		2		
47011102	1	1		1		
47011103	1	1		2		
47012102	1	1		2		
47012103	1	1		4		
47091102	1	1		2		
47091103	1	1		3		
47092102	1	1		4		
47092103	1	1		6		
47131101	1	3	{'Constant1': 1, 'Variable': 10, 'Constant2': 0}			
47132101	1	3	{'Constant1': 2, 'Variable': 10, 'Constant2': 0}			
47141201	1	1		4		
47141202	1	1		4		
47142201	1	1		8		
47142202	1	1		8		
304102101	1	1		3		
304101102	1	1		3		
304102102	1	1		5		
304102103	1	1		5		
51141101	1	1		2		
51142101	1	1		4		
51151101	1	1		2		
51152101	1	1		4		
51211101	1	1		2		
51211102	1	1		1		
51212101	1	1		4		
51212102	1	1		2		
53191101	1	3	{'Constant1': 2, 'Variable': 36, 'Constant2': 0}			
53191102	1	3	{'Constant1': 2, 'Variable': 36, 'Constant2': 0}			
53192101	1	3	{'Constant1': 4, 'Variable': 36, 'Constant2': 0}			
53192102	1	3	{'Constant1': 4, 'Variable': 36, 'Constant2': 0}			
54021101	1	1		2		
54022101	1	1		4		
55111101	1	1		4		
55111102	1	1		4		
55112101	1	1		4		
55112102	1	1		4		
55191201	1	1		2		
55191202	1	1		1		
55192201	1	1		4		
55192202	1	1		2		
56081102	1	1		2		
56081103	1	1		2		
56082102	1	1		2		
56082103	1	1		2		
57021101	1	3	{'Constant1': 2, 'Variable': 35, 'Constant2': 0}			
57021102	1	3	{'Constant1': 1, 'Variable': 35, 'Constant2': 0}			
57022101	1	3	{'Constant1': 4, 'Variable': 35, 'Constant2': 0}			
57022102	1	3	{'Constant1': 2, 'Variable': 35, 'Constant2': 0}			
57071101	1	1		1		
57071102	1	1		1		
57072101	1	1		1		
57072102	1	1		1		
57081101	1	1		2		
57081102	1	1		1		
57082101	1	1		4		
57082102	1	1		2		
57091101	1	1		1		
57091201	1	1		1		
57092101	1	1		2		
57092201	1	1		2		
57131101	1	1		3		
57131102	1	1		3		
57132101	1	1		6		
57132102	1	1		6		
57141101	1	3	{'Constant1': 1, 'Variable': 34, 'Constant2': 0}			
57141102	1	3	{'Constant1': 1, 'Variable': 34, 'Constant2': 0}			
57142101	1	3	{'Constant1': 2, 'Variable': 34, 'Constant2': 0}			
57142102	1	3	{'Constant1': 2, 'Variable': 34, 'Constant2': 0}			
57181101	1	1		2		
57181102	1	1		1		
57182101	1	1		4		
57182102	1	1		2		
57191101	2	2		2		
57191102	2	2		2		
57192101	2	2		2		
57192102	2	2		2		
58122102		4		1		
58122103		4		1		
61111101	1	3	{'Constant1': 1, 'Variable': 41, 'Constant2': 0}			
61111102	1	3	{'Constant1': 1, 'Variable': 41, 'Constant2': 0}			
61112101	1	3	{'Constant1': 2, 'Variable': 41, 'Constant2': 0}			
61112102	1	3	{'Constant1': 2, 'Variable': 41, 'Constant2': 0}			
61131101	1	3	{'Constant1': 1, 'Variable': 19, 'Constant2': 0}			
61131102	1	3	{'Constant1': 0.5, 'Variable': 19, 'Constant2': 0}			
61132101	1	3	{'Constant1': 2, 'Variable': 19, 'Constant2': 0}			
61132102	1	3	{'Constant1': 1, 'Variable': 19, 'Constant2': 0}			
61151101	1	3	{'Constant1': 1, 'Variable': 33, 'Constant2': 0}			
61152101	1	3	{'Constant1': 2, 'Variable': 33, 'Constant2': 0}			
61211101	1	3	{'Constant1': 0.5, 'Variable': 33, 'Constant2': 0}			
61211102	1	3	{'Constant1': 0.5, 'Variable': 33, 'Constant2': 0}			
61212101	1	3	{'Constant1': 1, 'Variable': 33, 'Constant2': 0}			
61212102	1	3	{'Constant1': 1, 'Variable': 33, 'Constant2': 0}			
62041102	1	1		1		
62042102	1	1		2		
62051102	1	1		1		
62052102	1	1		1		
62081101	1	3	{'Constant1': 1, 'Variable': 2, 'Constant2': 0}			
62081102	1	3	{'Constant1': 1, 'Variable': 3, 'Constant2': 0}			
62082101	1	3	{'Constant1': 2, 'Variable': 2, 'Constant2': 0}			
62082102	1	3	{'Constant1': 2, 'Variable': 3, 'Constant2': 0}			
62091101	1	1		2		
62091102	1	1		1		
62092101	1	1		4		
62092102	1	1		2		
62151101	1	1		1		
62151102	1	1		2		
62152101	1	1		2		
62152102	1	1		4		
62181101	2	2		2		
62181102	1	3	{'Constant1': 1, 'Variable': 6, 'Constant2': 0}			
62182101	2	2		1		
62182102	1	3	{'Constant1': 1, 'Variable': 46, 'Constant2': 0}			
62211101	1	1		3		
62211102	1	1		6		
62211201	1	1		3		
62211202	1	1		6		
62212101	1	1		3		
62212102	1	1		6		
62212201	1	1		3		
62212202	1	1		6		
63061201	1	1		2		
63062102	1	1		2		
63062201	1	1		4		
63062202	1	1		4		
63091101	1	1		2		
63091102	1	1		2		
63092101	1	1		4		
63092102	1	1		4		
63181101		4		1		
63181201		4		1		
63211101	1	3	{'Constant1': 2, 'Variable': 36, 'Constant2': 0}			
63211102	1	3	{'Constant1': 2, 'Variable': 36, 'Constant2': 0}			
63212101	1	3	{'Constant1': 4, 'Variable': 36, 'Constant2': 0}			
63212102	1	3	{'Constant1': 4, 'Variable': 36, 'Constant2': 0}			
64051101	1	1		2		
64051102	1	1		1		
64052101	1	1		4		
64052102	1	1		2		
64181101	1	1		1		
64182101	1	1		2		
65041102	1	1		1		
65041103	1	1		1		
65942102	1	1		1		
65042103	1	1		1		
65121102	1	1		3		
65121103	1	1		2		
65122102	1	1		6		
65122103	1	1		4		
65131101	1	1		3		
65131102	1	1		2		
65132101	1	1		6		
65132102	1	1		4		
65181101	1	3	{'Constant1': 2, 'Variable': 38, 'Constant2': 1, 'Constant3': 2}			
65181102	1	3	{'Constant1': 1, 'Variable': 38, 'Constant2': 1, 'Constant3': 2}			
65182101	1	3	{'Constant1': 4, 'Variable': 38, 'Constant2': 2, 'Constant3': 2}			
65182102	1	3	{'Constant1': 2, 'Variable': 38, 'Constant2': 2, 'Constant3': 2}			
65211101	1	1		1		
65211102	1	1		1		
65212101	1	1		2		
65212102	1	1		2		
66031102	1	1		1		
66032102	1	1		2		
66111101	1	1		2		
66111102	1	1		1		
66112101	1	1		4		
66112102	1	1		2		
66121101	1	3	{'Constant1': 2, 'Variable': 25, 'Constant2': 2}			
66121102	1	3	{'Constant1': 1, 'Variable': 25, 'Constant2': 1}			
66122101	1	3	{'Constant1': 4, 'Variable': 25, 'Constant2': 4}			
66122102	1	3	{'Constant1': 2, 'Variable': 25, 'Constant2': 2}			
66131101	1	1		3		
66131102	1	1		3		
66132101	1	1		3		
66132102	1	1		3		
66151102	1	1		2		
66151103	1	1		1		
66152102	1	1		4		
66152193	1	1		2		
67051102	1	3	{'Constant1': 1, 'Variable': 44, 'Constant2': 0}			
67051103	1	3	{'Constant1': 1, 'Variable': 44, 'Constant2': 0}			
67052102	1	3	{'Constant1': 2, 'Variable': 44, 'Constant2': 0}			
67052103	1	3	{'Constant1': 2, 'Variable': 44, 'Constant2': 0}			
67071101	1	1		2		
67071102	1	1		1		
67072101	1	1		4		
67072102	1	1		2		
67131101	1	1		3		
67131102	1	1		3		
67132101	1	1		6		
67132102	1	1		6		
67151101	1	1		1		
67151102	1	1		1		
67152101	1	1		2		
67152102	1	1		2		
68061102	1	1		2		
68061103	1	1		2		
68062102	1	1		4		
68062103	1	1		4		
68111201	1	3	{'Constant1': 1, 'Variable': 47, 'Constant2': 0}			
68111202	1	3	{'Constant1': 1, 'Variable': 47, 'Constant2': 0}			
68112201	1	3	{'Constant1': 2, 'Variable': 47, 'Constant2': 0}			
68112202	1	3	{'Constant1': 2, 'Variable': 47, 'Constant2': 0}			
68251101	1	1		2		
68251102	1	1		2		
68252101	1	1		4		
68252102	1	1		4		
1050101	1	3	{'Constant1': 1, 'Variable': 9, 'Constant2': 0}			
1050102	1	3	{'Constant1': 1, 'Variable': 10, 'Constant2': 0}			
3060071	1	3	{'Constant1': 1, 'Variable': 28, 'Constant2': 0}			
3060072	1	3	{'Constant1': 1, 'Variable': 29, 'Constant2': 0}			
3060073		4		0		
3060074		4		1		
3060111	1	1		2		
3060112	1	1		1		
3060121	1	1		3		
3060122	1	1		2		
3060162	1	1		1		
3060163	1	1		1		
3060172	1	1		2		
3060173	1	1		2		
3060201	1	1		1		
3060202	1	1		1		
3060221	1	1		4		
3060231	1	1		8		
3060241	1	1		12		
3060251	1	1		16		
3060261	1	1		24		
3060351	1	1		1		
3060352	1	1		1		
3060361	1	1		3		
3060362	1	1		3		
3060381	1	3	{'Constant1': 1, 'Variable': 45, 'Constant2': 2}			
3060382	1	3	{'Constant1': 1, 'Variable': 45, 'Constant2': 2}			
306039101	1	1		2		
306039102	1	1		1		
306040101	1	1		4		
306040102	1	1		3		
3060411	1	1		3		
3060421	1	1		4		
3060431	1	1		5		
306044101	2	2		2		
3060531	1	1		4		
3060541	1	1		8		
3060551	1	1		12		
3060561	1	1		16		
3060571	1	1		24		
3060581	1	1		3		
3060601	1	1		5		
306064101	1	1		1		
306064102	1	1		1		
306065101	1	1		3		
306065102	1	1		3		
306075101	1	1		3		
306075102	1	1		2		
306092101	1	1		3		
306092102	1	1		2		
306088401	1	1		8		
306088402	1	1		8		
306089401	1	1		12		
306089402	1	1		12		
306090401	1	1		24		
306090402	1	1		24		
610011	1	1		1		
610012	1	1		1		
610021	1	1		1		
610022	1	1		1		
63006101	1	1		4		
63006102	1	1		4		
306091102	1	1		4		
306091103	1	1		3		
71061101	1	1		1		
71061102	1	1		1		
71062101	1	1		2		
71062102	1	1		2		
71111201	2	3	{'Constant1': 1, 'Variable': 48, 'Constant2': 0}			
71112201	2	3	{'Constant1': 1, 'Variable': 48, 'Constant2': 0}			
71121301	1	2		1		
71122301	1	2		2		
71221201	2	2		2		
71222201	2	2		2		
72141101	1	1		3		
72141102	1	1		2		
72142101	1	1		6		
72142102	1	1		4		
73221301	1	1		6		
73221302	1	1		6		
73222301	1	1		6		
73222302	1	1		6		
73091201	1	3	{'Constant1': 1, 'Variable': 2, 'Constant2': 0}			
73092201	1	3	{'Constant1': 2, 'Variable': 2, 'Constant2': 0}			
74221101	1	1		3		
74221102	1	1		2		
74222101	1	1		6		
74222102	1	1		4		
75221101	1	3	{'Constant1': 1, 'Variable': 52, 'Constant2': 0, 'Constant3': 2}			
75221102	1	3	{'Constant1': 1, 'Variable': 53, 'Constant2': 0, 'Constant3': 2}			
75222101	1	3	{'Constant1': 1, 'Variable': 52, 'Constant2': 0, 'Constant3': 2}			
75222102	1	3	{'Constant1': 1, 'Variable': 53, 'Constant2': 0, 'Constant3': 2}			
76221201	1	1		1		
76221202	1	1		1		
76222201	1	1		2		
76222202	1	1		2		
77091201	1	3	{'Constant1': 2, 'Variable': 41, 'Constant2': 0}			
77091202	1	3	{'Constant1': 2, 'Variable': 41, 'Constant2': 0}			
77092201	1	3	{'Constant1': 4, 'Variable': 41, 'Constant2': 0}			
77092202	1	3	{'Constant1': 4, 'Variable': 41, 'Constant2': 0}			
77101102	1	1		1		
77101103	1	1		1		
77102102	1	1		2		
77102103	1	1		2		
77121201	1	1		3		
77121202	1	1		3		
77122201	1	1		6		
77122202	1	1		6		
77221101	1	3	{'Constant1': 1, 'Variable': 54, 'Constant2': 0}			
77221102	1	3	{'Constant1': 1, 'Variable': 55, 'Constant2': 0}			
77222101	1	3	{'Constant1': 2, 'Variable': 54, 'Constant2': 0}			
77222102	1	3	{'Constant1': 2, 'Variable': 55, 'Constant2': 0}			
78151102	2	2		2		
78152102	2	2		4		
78241201	1	3	{'Constant1': 1, 'Variable': 41, 'Constant2': 0}			
78241202	1	3	{'Constant1': 1, 'Variable': 41, 'Constant2': 0}			
78242201	1	3	{'Constant1': 2, 'Variable': 41, 'Constant2': 0}			
78242202	1	3	{'Constant1': 2, 'Variable': 41, 'Constant2': 0}			
76171101	1	1		2		
76171102	1	1		1		
76172101	1	1		4		
76172102	1	1		2		
78141201	1	1		2		
78141202	1	1		2		
78142201	1	1		2		
78142202	1	1		2		
73222102	1	1		6		
73222103	1	1		6		
73222203	1	1		6		
73222204	1	1		6		
81051101	1	1		1		
81052101	1	1		1		
81141101	1	5			1	{'Constant1': 1, 'Variable': 59, 'Constant2': 0}
81141102	1	5			1	{'Constant1': 1, 'Variable': 59, 'Constant2': 0}
81142101	1	5			1	{'Constant1': 1, 'Variable': 59, 'Constant2': 0}
81142102	1	5			1	{'Constant1': 1, 'Variable': 59, 'Constant2': 0}
81151101	1	1		1		
81151102	1	1		2		
81152101	1	1		2		
81152102	1	1		4		
81211101	1	1		3		
81211102	1	1		6		
81211201	1	1		3		
81211202	1	1		6		
81212101	1	1		3		
81212102	1	1		6		
81212201	1	1		3		
81212202	1	1		6		
82041101	1	1		1		
82041102	1	1		1		
82042101	1	1		2		
82042102	1	1		2		
82111101	1	3	{'Constant1': 0.5, 'Variable': 52, 'Constant2': 0}			
82112101	1	3	{'Constant1': 0.5, 'Variable': 52, 'Constant2': 0}			
82112102	1	3	{'Constant1': 0.5, 'Variable': 52, 'Constant2': 0}			
82131101	1	3	{'Constant1': 1, 'Variable': 19, 'Constant2': 2, 'Constant3': 2}			
82131102	1	3	{'Constant1': 1, 'Variable': 19, 'Constant2': 2, 'Constant3': 2}			
82132101	1	3	{'Constant1': 2, 'Variable': 19, 'Constant2': 4, 'Constant3': 2}			
82132102	1	3	{'Constant1': 2, 'Variable': 19, 'Constant2': 4, 'Constant3': 2}			
83031101	1	1		2		
83031102	1	1		2		
83032101	1	1		4		
83032102	1	1		4		
83041101	1	1		1		
83041102	1	1		1		
83042101	1	1		2		
83042102	1	1		2		
83061201	1	1		3		
83061202	1	1		3		
83062201	1	1		6		
83062202	1	1		6		
83091201	1	3	{'Constant1': 0.5, 'Variable': 2, 'Constant2': 0}			
83092201	1	3	{'Constant1': 1, 'Variable': 2, 'Constant2': 0}			
83141101	1	3	{'Constant1': 1, 'Variable': 41, 'Constant2': 2, 'Constant3': 2}			
83141102	1	3	{'Constant1': 1, 'Variable': 41, 'Constant2': 2, 'Constant3': 2}			
83142101	1	3	{'Constant1': 2, 'Variable': 41, 'Constant2': 4, 'Constant3': 2}			
83142102	1	3	{'Constant1': 2, 'Variable': 41, 'Constant2': 4, 'Constant3': 2}			
83191102	1	3	{'Constant1': 1, 'Variable': 5, 'Constant2': 0, 'Constant3': 2}			
83191103	1	3	{'Constant1': 1, 'Variable': 6, 'Constant2': 0, 'Constant3': 2}			
83191202	1	3	{'Constant1': 1, 'Variable': 5, 'Constant2': 0, 'Constant3': 2}			
83191203	1	3	{'Constant1': 1, 'Variable': 6, 'Constant2': 0, 'Constant3': 2}			
83192102	1	3	{'Constant1': 1, 'Variable': 5, 'Constant2': 0}			
83192103	1	3	{'Constant1': 1, 'Variable': 6, 'Constant2': 0}			
83192202	1	3	{'Constant1': 1, 'Variable': 5, 'Constant2': 0}			
83192203	1	3	{'Constant1': 1, 'Variable': 6, 'Constant2': 0}			
83211101	1	3	{'Constant1': 1, 'Variable': 58, 'Constant2': 0, 'Constant3': 2}			
83211102	1	3	{'Constant1': 1, 'Variable': 58, 'Constant2': 0, 'Constant3': 2}			
83212101	1	3	{'Constant1': 1, 'Variable': 58, 'Constant2': 0}			
83212102	1	3	{'Constant1': 1, 'Variable': 58, 'Constant2': 0}			
83221101	1	1		3		
83221102	1	1		3		
83222101	1	1		6		
83222102	1	1		6		
84031101	1	1		2		
84031102	1	1		1		
84032101	1	1		4		
84032102	1	1		2		
84151101	1	1		1		
84151102	1	1		1		
84152101	1	1		2		
84152102	1	1		2		
85101201	1	1		3		
85101202	1	1		3		
85102201	1	1		6		
85102202	1	1		6		
85131101	1	3	{'Constant1': 1, 'Variable': 41, 'Constant2': 1, 'Constant3': 3}			
85131102	1	3	{'Constant1': 1, 'Variable': 41, 'Constant2': 1, 'Constant3': 3}			
85132101	1	3	{'Constant1': 2, 'Variable': 41, 'Constant2': 2, 'Constant3': 3}			
85132102	1	3	{'Constant1': 2, 'Variable': 41, 'Constant2': 2, 'Constant3': 3}			
85181101	1	3	{'Constant1': 1, 'Variable': 38, 'Constant2': 2, 'Constant3': 2}			
85181102	1	3	{'Constant1': 1, 'Variable': 38, 'Constant2': 2, 'Constant3': 2}			
85182101	1	3	{'Constant1': 2, 'Variable': 38, 'Constant2': 4, 'Constant3': 2}			
85182102	1	3	{'Constant1': 2, 'Variable': 38, 'Constant2': 4, 'Constant3': 2}			
86031101	1	1		2		
86031102	1	1		2		
86032101	1	1		4		
86032102	1	1		4		
86091101	1	1		1		
86091102	1	1		1		
86092101	1	1		2		
86092102	1	1		2		
86151101	1	3	{'Constant1': 1, 'Variable': 57, 'Constant2': 0, 'Constant3': 2}			
86152101	1	3	{'Constant1': 1, 'Variable': 57, 'Constant2': 0}			
86201101	1	1		6		
86201102	1	1		6		
86202101	1	1		12		
86202102	1	1		12		
87021101	1	1		2		
87021102	1	1		1		
87022101	1	1		4		
87022102	1	1		2		
88061102	1	1		2		
88061103	1	1		3		
88062102	1	1		4		
88062103	1	1		6		
88101201	1	1		3		
88101202	1	1		4		
88102201	1	1		6		
88102202	1	1		8		
88271101	1	1		3		
88271102	1	1		3		
88272101	1	1		6		
88272102	1	1		6		
88151102	2	2		2		
88152102	2	2		2		
88152103	2	2		2		
88181101	1	3	{'Constant1': 0.25, 'Variable': 3, 'Constant2': 0}			
88182101	1	3	{'Constant1': 0.5, 'Variable': 3, 'Constant2': 0}			
61003101	1	1		1		
61003102	1	1		1		
63008201	1	3	{'Constant1': 0.5, 'Variable': 61, 'Constant2': 0}			
10301	1	1		1		
83201301	1	1		6		
83201302	1	1		6		
83202301	1	1		12		
83202302	1	1		12		
82151101	1	3	{'Constant1': 1, 'Variable': 30, 'Constant2': 0, 'Constant3': 4}			
82152101	1	3	{'Constant1': 1, 'Variable': 30, 'Constant2': 0, 'Constant3': 2}			
10580101	1	1		1		
10580102	1	1		1		
91141101	1	1		1		
91141102	1	1		1		
91142101	1	1		2		
91142102	1	1		2		
91181101	2	2		2		
91181102	1	3	{'Constant1': 1, 'Variable': 6, 'Constant2': 0}			
91182101	2	2		2		
91182102	1	3	{'Constant1': 1, 'Variable': 6, 'Constant2': 0}			
91221101	1	3	{'Constant1': 1, 'Variable': 65, 'Constant2': 0}			
91221102	1	3	{'Constant1': 1, 'Variable': 65, 'Constant2': 0}			
91222101	1	3	{'Constant1': 2, 'Variable': 65, 'Constant2': 0}			
91222102	1	3	{'Constant1': 2, 'Variable': 65, 'Constant2': 0}			
92021101	1	1		1		
92022101	1	1		2		
92051101	1	1		1		
92051102	1	1		1		
92052101	1	1		2		
92052102	1	1		2		
92171101	1	3	{'Constant1': 1, 'Variable': 19, 'Constant2': 2, 'Constant3': 2}			
92171102	1	3	{'Constant1': 1, 'Variable': 19, 'Constant2': 2, 'Constant3': 2}			
92172101	1	3	{'Constant1': 2, 'Variable': 19, 'Constant2': 4, 'Constant3': 2}			
92172102	1	3	{'Constant1': 2, 'Variable': 19, 'Constant2': 4, 'Constant3': 2}			
93091201	1	3	{'Constant1': 0.5, 'Variable': 2, 'Constant2': 0}			
93092201	1	3	{'Constant1': 1, 'Variable': 2, 'Constant2': 0}			
94021101	1	1		1		
94022101	1	1		2		
94031102	1	3	{'Constant1': 1, 'Variable': 63, 'Constant2': 0}			
94031103	1	3	{'Constant1': 1, 'Variable': 64, 'Constant2': 0}			
94032102	1	3	{'Constant1': 1, 'Variable': 63, 'Constant2': 0}			
94032103	1	3	{'Constant1': 1, 'Variable': 64, 'Constant2': 0}			
94041101	1	1		1		
94042101	1	1		2		
94051101	1	1		1		
94051102	1	1		1		
94052101	1	1		2		
94052102	1	1		2		
94061102	1	3	{'Constant1': 1, 'Variable': 63, 'Constant2': 0}			
94061103	1	3	{'Constant1': 1, 'Variable': 64, 'Constant2': 0}			
94062102	1	3	{'Constant1': 1, 'Variable': 63, 'Constant2': 0}			
94062103	1	3	{'Constant1': 1, 'Variable': 64, 'Constant2': 0}			
94071102	1	3	{'Constant1': 1, 'Variable': 63, 'Constant2': 0}			
94071103	1	3	{'Constant1': 1, 'Variable': 64, 'Constant2': 0}			
94072102	1	3	{'Constant1': 1, 'Variable': 63, 'Constant2': 0}			
94072103	1	3	{'Constant1': 1, 'Variable': 64, 'Constant2': 0}			
94091101	1	1		1		
94092101	1	1		2		
94101101	1	1		1		
94101102	1	1		1		
94102101	1	1		2		
94102102	1	1		2		
94111201	1	1		3		
94111202	1	1		3		
94112201	1	1		6		
94112202	1	1		6		
94171102	1	3	{'Constant1': 1, 'Variable': 63, 'Constant2': 0}			
94171103	1	3	{'Constant1': 1, 'Variable': 64, 'Constant2': 0}			
94172102	1	3	{'Constant1': 1, 'Variable': 63, 'Constant2': 0}			
94172103	1	3	{'Constant1': 1, 'Variable': 64, 'Constant2': 0}			
94181101	1	1		1		
94181102	1	1		1		
94182101	1	1		2		
94182102	1	1		2		
94191201	1	3	{'Constant1': 4, 'Variable': 66, 'Constant2': 0}			
94191202	1	3	{'Constant1': 4, 'Variable': 66, 'Constant2': 0}			
94192201	1	3	{'Constant1': 4, 'Variable': 66, 'Constant2': 0}			
94192202	1	3	{'Constant1': 4, 'Variable': 66, 'Constant2': 0}			
94221102	1	3	{'Constant1': 1, 'Variable': 63, 'Constant2': 0}			
94221103	1	3	{'Constant1': 1, 'Variable': 64, 'Constant2': 0}			
94222102	1	3	{'Constant1': 1, 'Variable': 63, 'Constant2': 0}			
94222103	1	3	{'Constant1': 1, 'Variable': 64, 'Constant2': 0}			
96161101	1	3	{'Constant1': 1, 'Variable': 57, 'Constant2': 0, 'Constant3': 2}			
96162101	1	3	{'Constant1': 1, 'Variable': 57, 'Constant2': 0}			
97052102	1	3	{'Constant1': 2, 'Variable': 44, 'Constant2': 0}			
97052103	1	3	{'Constant1': 2, 'Variable': 44, 'Constant2': 0}			
98302102	2	2		2		
98302103	2	2		2		
94121101	1	1		1		
94121102	1	1		1		
94122101	1	1		2		
94122102	1	1		2		
94231102	1	3	{'Constant1': 1, 'Variable': 63, 'Constant2': 0}			
94231103	1	3	{'Constant1': 1, 'Variable': 64, 'Constant2': 0}			
96321102	1	3	{'Constant1': 1, 'Variable': 63, 'Constant2': 0}			
96321103	1	3	{'Constant1': 1, 'Variable': 64, 'Constant2': 0}			
96321201	1	1		1		
96321202	1	1		1		
